{"text": " Hello Hello 1,2,3 I'm talking now to test Wesber's accuracy. Thank you.", "segments": [{"id": 0, "seek": 0, "start": 0.0, "end": 9.0, "text": " Hello Hello 1,2,3 I'm talking now to test Wesber's accuracy. Thank you.", "tokens": [50363, 18435, 18435, 352, 11, 17, 11, 18, 314, 1101, 3375, 783, 284, 1332, 18622, 527, 338, 9922, 13, 6952, 345, 13, 50813], "temperature": 0.0, "avg_logprob": -0.5903158585230509, "compression_ratio": 0.9466666666666667, "no_speech_prob": 0.08124983310699463}], "language": "en"}