{"text": " \u0648\u0627\u062d\u062f \u0627\u062b\u0646\u0627\u0646 \u0633\u0644\u0627\u0633\u0629 \u062c\u0627\u0631 \u0627\u062e\u062a\u0628\u0627\u0631 \u0646\u0645\u0648\u0632\u0627 \u0639\u0646 \u0632\u0643\u0627\u0626\u0644 \u0627\u0633\u062a\u0646\u0627\u0639\u064a \u0627\u0644\u062e\u0627\u0635 \u0628\u0627\u0644\u0645\u0634\u0631\u0648\u0639 \u0627\u0644\u062a\u062e\u0631\u0642", "segments": [{"id": 0, "seek": 0, "start": 0.0, "end": 3.0, "text": " \u0648\u0627\u062d\u062f \u0627\u062b\u0646\u0627\u0646 \u0633\u0644\u0627\u0633\u0629", "tokens": [50364, 36764, 24401, 1975, 12984, 1863, 7649, 8608, 15040, 3794, 3660, 50514], "temperature": 0.0, "avg_logprob": -0.41531982421875, "compression_ratio": 1.3711340206185567, "no_speech_prob": 0.05147826671600342}, {"id": 1, "seek": 0, "start": 3.0, "end": 6.0, "text": " \u062c\u0627\u0631 \u0627\u062e\u062a\u0628\u0627\u0631 \u0646\u0645\u0648\u0632\u0627 \u0639\u0646 \u0632\u0643\u0627\u0626\u0644 \u0627\u0633\u062a\u0646\u0627\u0639\u064a", "tokens": [50514, 10874, 9640, 1975, 46456, 3555, 9640, 8717, 2304, 2407, 11622, 995, 18871, 30767, 4117, 16373, 1211, 44713, 8315, 3615, 1829, 50664], "temperature": 0.0, "avg_logprob": -0.41531982421875, "compression_ratio": 1.3711340206185567, "no_speech_prob": 0.05147826671600342}, {"id": 2, "seek": 0, "start": 6.0, "end": 9.0, "text": " \u0627\u0644\u062e\u0627\u0635 \u0628\u0627\u0644\u0645\u0634\u0631\u0648\u0639", "tokens": [50664, 33962, 33546, 20666, 2304, 8592, 32887, 3615, 50814], "temperature": 0.0, "avg_logprob": -0.41531982421875, "compression_ratio": 1.3711340206185567, "no_speech_prob": 0.05147826671600342}, {"id": 3, "seek": 0, "start": 9.0, "end": 11.0, "text": " \u0627\u0644\u062a\u062e\u0631\u0642", "tokens": [50814, 16712, 9778, 2288, 4587, 50914], "temperature": 0.0, "avg_logprob": -0.41531982421875, "compression_ratio": 1.3711340206185567, "no_speech_prob": 0.05147826671600342}], "language": "ar"}